{"fraction_d2o": [0.0, 0.2, 0.85, 1.0], "sqrt[I(0)/c]": [0.3322493196224943, 0.26334511453727283, -0.041089070180665904, -0.11107503021679688], "sqrt[I(0)/c]_error": [0.008848393252122192, 0.01282565486395913, 0.004859685380840533, 0.003112982204714958], "sqrt[I(0)/c]_calc": [0.3386689935451513, 0.24888229975636045, -0.04292445505720971, -0.11026447539880285], "sqrt[I(0)/c]-sqrt[I(0)/c]_calc": [-0.0064196739226569655, 0.01446281478091238, 0.0018353848765438052, -0.0008105548179940247], "match_point": [0.7543857096282378], "match_point_error": [0.02205988073892743], "match_point_y_value": [0]}