{"fraction_d2o": [0.99, 0.12, 0.41], "izero": [8.1, 0.6, 0.17], "izero_error": [0.2, 0.04, 0.01], "izero_calc": [8.110427968594712, 0.6166885131638018, 0.2063798958113425], "I(0)-calculated_I(0)": [-0.010427968594711956, -0.01668851316380182, -0.03637989581134249]}