{"1/contrast": [0.2232176074048721, 0.30249050515914366, -1.96859005205827, -0.7200691266361571], "Rg^2": [647.7025, 622.5024999999999, 784.0, 982.1956], "Rg^2_error": [3.563, 4.491, 168.0, 25.072000000000003], "calculated_Rg^2": [651.8302378389835, 616.6641306545422, 1026.0132216259103, 954.3791897286793], "Rg^2-calculated_Rg^2": [-4.127737838983535, 5.83836934545775, -242.01322162591032, 27.816410271320706]}